{"TVSeries": {"data_root": "data/TVSeries", "class_names": ["Background", "Pick something up", "Point", "Drink", "Stand up", "Run", "Sit down", "Read", "Smoke", "Drive car", "Open door", "Give something", "Use computer", "Write", "Go down stairway", "Close door", "Throw something", "Go up stairway", "Get in/out of car", "Hang up phone", "Eat", "Answer phone", "Dress up", "Clap", "Undress", "Kiss", "Fall/trip", "Wave", "Pour", "Punch", "Fire weapon"], "num_classes": 31, "ignore_index": -100, "metrics": "cAP", "fps": 4, "train_session_set": ["24_ep1", "24_ep2", "24_ep3", "Breaking_Bad_ep1", "Breaking_Bad_ep2", "How_I_Met_Your_Mother_ep1", "How_I_Met_Your_Mother_ep2", "How_I_Met_Your_Mother_ep3", "How_I_Met_Your_Mother_ep4", "How_I_Met_Your_Mother_ep5", "How_I_Met_Your_Mother_ep6", "Mad_Men_ep1", "Mad_Men_ep2", "Modern_Family_ep1", "Modern_Family_ep2", "Modern_Family_ep3", "Modern_Family_ep4", "Modern_Family_ep6", "Sons_of_Anarchy_ep1", "Sons_of_Anarchy_ep2"], "test_session_set": ["24_ep4", "Breaking_Bad_ep3", "Mad_Men_ep3", "How_I_Met_Your_Mother_ep7", "How_I_Met_Your_Mother_ep8", "Modern_Family_ep5", "Sons_of_Anarchy_ep3"]}, "THUMOS": {"data_root": "data/THUMOS", "class_names": ["Background", "BaseballPitch", "BasketballDunk", "Billiards", "CleanAndJerk", "CliffDiving", "CricketBowling", "CricketShot", "Diving", "FrisbeeCatch", "GolfSwing", "HammerThrow", "HighJump", "JavelinThrow", "LongJump", "PoleVault", "Shotput", "SoccerPenalty", "TennisSwing", "ThrowDiscus", "VolleyballSpiking", "Ambiguous"], "num_classes": 22, "ignore_index": 21, "metrics": "AP", "fps": 4, "train_session_set": ["video_validation_0000690", "video_validation_0000288", "video_validation_0000289", "video_validation_0000416", "video_validation_0000282", "video_validation_0000283", "video_validation_0000281", "video_validation_0000286", "video_validation_0000287", "video_validation_0000284", "video_validation_0000285", "video_validation_0000202", "video_validation_0000203", "video_validation_0000201", "video_validation_0000206", "video_validation_0000207", "video_validation_0000204", "video_validation_0000205", "video_validation_0000790", "video_validation_0000208", "video_validation_0000209", "video_validation_0000420", "video_validation_0000364", "video_validation_0000853", "video_validation_0000950", "video_validation_0000937", "video_validation_0000367", "video_validation_0000290", "video_validation_0000210", "video_validation_0000059", "video_validation_0000058", "video_validation_0000057", "video_validation_0000056", "video_validation_0000055", "video_validation_0000054", "video_validation_0000053", "video_validation_0000052", "video_validation_0000051", "video_validation_0000933", "video_validation_0000949", "video_validation_0000948", "video_validation_0000945", "video_validation_0000944", "video_validation_0000947", "video_validation_0000946", "video_validation_0000941", "video_validation_0000940", "video_validation_0000190", "video_validation_0000942", "video_validation_0000261", "video_validation_0000262", "video_validation_0000263", "video_validation_0000264", "video_validation_0000265", "video_validation_0000266", "video_validation_0000267", "video_validation_0000268", "video_validation_0000269", "video_validation_0000989", "video_validation_0000060", "video_validation_0000370", "video_validation_0000938", "video_validation_0000935", "video_validation_0000668", "video_validation_0000669", "video_validation_0000664", "video_validation_0000665", "video_validation_0000932", "video_validation_0000667", "video_validation_0000934", "video_validation_0000661", "video_validation_0000662", "video_validation_0000663", "video_validation_0000181", "video_validation_0000180", "video_validation_0000183", "video_validation_0000182", "video_validation_0000185", "video_validation_0000184", "video_validation_0000187", "video_validation_0000186", "video_validation_0000189", "video_validation_0000188", "video_validation_0000936", "video_validation_0000270", "video_validation_0000854", "video_validation_0000178", "video_validation_0000179", "video_validation_0000174", "video_validation_0000175", "video_validation_0000176", "video_validation_0000177", "video_validation_0000170", "video_validation_0000171", "video_validation_0000172", "video_validation_0000173", "video_validation_0000670", "video_validation_0000419", "video_validation_0000943", "video_validation_0000485", "video_validation_0000369", "video_validation_0000368", "video_validation_0000318", "video_validation_0000319", "video_validation_0000415", "video_validation_0000414", "video_validation_0000413", "video_validation_0000412", "video_validation_0000411", "video_validation_0000311", "video_validation_0000312", "video_validation_0000313", "video_validation_0000314", "video_validation_0000315", "video_validation_0000316", "video_validation_0000317", "video_validation_0000418", "video_validation_0000365", "video_validation_0000482", "video_validation_0000169", "video_validation_0000168", "video_validation_0000167", "video_validation_0000166", "video_validation_0000165", "video_validation_0000164", "video_validation_0000163", "video_validation_0000162", "video_validation_0000161", "video_validation_0000160", "video_validation_0000857", "video_validation_0000856", "video_validation_0000855", "video_validation_0000366", "video_validation_0000488", "video_validation_0000489", "video_validation_0000851", "video_validation_0000484", "video_validation_0000361", "video_validation_0000486", "video_validation_0000487", "video_validation_0000481", "video_validation_0000910", "video_validation_0000483", "video_validation_0000363", "video_validation_0000990", "video_validation_0000939", "video_validation_0000362", "video_validation_0000987", "video_validation_0000859", "video_validation_0000787", "video_validation_0000786", "video_validation_0000785", "video_validation_0000784", "video_validation_0000783", "video_validation_0000782", "video_validation_0000781", "video_validation_0000981", "video_validation_0000983", "video_validation_0000982", "video_validation_0000985", "video_validation_0000984", "video_validation_0000417", "video_validation_0000788", "video_validation_0000152", "video_validation_0000153", "video_validation_0000151", "video_validation_0000156", "video_validation_0000157", "video_validation_0000154", "video_validation_0000155", "video_validation_0000158", "video_validation_0000159", "video_validation_0000901", "video_validation_0000903", "video_validation_0000902", "video_validation_0000905", "video_validation_0000904", "video_validation_0000907", "video_validation_0000906", "video_validation_0000909", "video_validation_0000908", "video_validation_0000490", "video_validation_0000860", "video_validation_0000858", "video_validation_0000988", "video_validation_0000320", "video_validation_0000688", "video_validation_0000689", "video_validation_0000686", "video_validation_0000687", "video_validation_0000684", "video_validation_0000685", "video_validation_0000682", "video_validation_0000683", "video_validation_0000681", "video_validation_0000789", "video_validation_0000986", "video_validation_0000931", "video_validation_0000852", "video_validation_0000666"], "test_session_set": ["video_test_0000292", "video_test_0001078", "video_test_0000896", "video_test_0000897", "video_test_0000950", "video_test_0001159", "video_test_0001079", "video_test_0000807", "video_test_0000179", "video_test_0000173", "video_test_0001072", "video_test_0001075", "video_test_0000767", "video_test_0001076", "video_test_0000007", "video_test_0000006", "video_test_0000556", "video_test_0001307", "video_test_0001153", "video_test_0000718", "video_test_0000716", "video_test_0001309", "video_test_0000714", "video_test_0000558", "video_test_0001267", "video_test_0000367", "video_test_0001324", "video_test_0000085", "video_test_0000887", "video_test_0001281", "video_test_0000882", "video_test_0000671", "video_test_0000964", "video_test_0001164", "video_test_0001114", "video_test_0000771", "video_test_0001163", "video_test_0001118", "video_test_0001201", "video_test_0001040", "video_test_0001207", "video_test_0000723", "video_test_0000569", "video_test_0000672", "video_test_0000673", "video_test_0000278", "video_test_0001162", "video_test_0000405", "video_test_0000073", "video_test_0000560", "video_test_0001276", "video_test_0000270", "video_test_0000273", "video_test_0000374", "video_test_0000372", "video_test_0001168", "video_test_0000379", "video_test_0001446", "video_test_0001447", "video_test_0001098", "video_test_0000873", "video_test_0000039", "video_test_0000442", "video_test_0001219", "video_test_0000762", "video_test_0000611", "video_test_0000617", "video_test_0000615", "video_test_0001270", "video_test_0000740", "video_test_0000293", "video_test_0000504", "video_test_0000505", "video_test_0000665", "video_test_0000664", "video_test_0000577", "video_test_0000814", "video_test_0001369", "video_test_0001194", "video_test_0001195", "video_test_0001512", "video_test_0001235", "video_test_0001459", "video_test_0000691", "video_test_0000765", "video_test_0001452", "video_test_0000188", "video_test_0000591", "video_test_0001268", "video_test_0000593", "video_test_0000864", "video_test_0000601", "video_test_0001135", "video_test_0000004", "video_test_0000903", "video_test_0000285", "video_test_0001174", "video_test_0000046", "video_test_0000045", "video_test_0001223", "video_test_0001358", "video_test_0001134", "video_test_0000698", "video_test_0000461", "video_test_0001182", "video_test_0000450", "video_test_0000602", "video_test_0001229", "video_test_0000989", "video_test_0000357", "video_test_0001039", "video_test_0000355", "video_test_0000353", "video_test_0001508", "video_test_0000981", "video_test_0000242", "video_test_0000854", "video_test_0001484", "video_test_0000635", "video_test_0001129", "video_test_0001339", "video_test_0001483", "video_test_0001123", "video_test_0001127", "video_test_0000689", "video_test_0000756", "video_test_0001431", "video_test_0000129", "video_test_0001433", "video_test_0001343", "video_test_0000324", "video_test_0001064", "video_test_0001531", "video_test_0001532", "video_test_0000413", "video_test_0000991", "video_test_0001255", "video_test_0000464", "video_test_0001202", "video_test_0001080", "video_test_0001081", "video_test_0000847", "video_test_0000028", "video_test_0000844", "video_test_0000622", "video_test_0000026", "video_test_0001325", "video_test_0001496", "video_test_0001495", "video_test_0000624", "video_test_0000724", "video_test_0001409", "video_test_0000131", "video_test_0000448", "video_test_0000444", "video_test_0000443", "video_test_0001038", "video_test_0000238", "video_test_0001527", "video_test_0001522", "video_test_0000051", "video_test_0001058", "video_test_0001391", "video_test_0000429", "video_test_0000426", "video_test_0000785", "video_test_0000786", "video_test_0001314", "video_test_0000392", "video_test_0000423", "video_test_0001146", "video_test_0001313", "video_test_0001008", "video_test_0001247", "video_test_0000737", "video_test_0001319", "video_test_0000308", "video_test_0000730", "video_test_0000058", "video_test_0000538", "video_test_0001556", "video_test_0000113", "video_test_0000626", "video_test_0000839", "video_test_0000220", "video_test_0001389", "video_test_0000437", "video_test_0000940", "video_test_0000211", "video_test_0000946", "video_test_0001558", "video_test_0000796", "video_test_0000062", "video_test_0000793", "video_test_0000987", "video_test_0001066", "video_test_0000412", "video_test_0000798", "video_test_0001549", "video_test_0000011", "video_test_0001257", "video_test_0000541", "video_test_0000701", "video_test_0000250", "video_test_0000254", "video_test_0000549", "video_test_0001209", "video_test_0001463", "video_test_0001460", "video_test_0000319", "video_test_0001468", "video_test_0000846", "video_test_0001292"]}, "HDD": {"data_root": "data/HDD","class_names": ["background", "intersection passing", "left turn", "right turn", "left lane change", "right lane change", "left lane branch", "right lane branch", "crosswalk passing", "railroad passing", "merge", "U-turn"], "num_classes": 12, "ignore_index": -1, "metrics": "AP", "fps": 3, "train_session_set": ["201702271017", "201702271123", "201702271136", "201702271438", "201702271632", "201702281017", "201702281511", "201702281709", "201703011016", "201703061033", "201703061107", "201703061323", "201703061353", "201703061418", "201703061429", "201703061456", "201703061519", "201703061541", "201703061606", "201703061635", "201703061700", "201703061725", "201703080946", "201703081008", "201703081055", "201703081152", "201703081407", "201703081437", "201703081509", "201703081549", "201703081617", "201703081653", "201703081723", "201703081749", "201704101354", "201704101504", "201704101624", "201704101658", "201704110943", "201704111011", "201704111041", "201704111138", "201704111202", "201704111315", "201704111335", "201704111402", "201704111412", "201704111540", "201706061021", "201706070945", "201706071021", "201706071319", "201706071458", "201706071518", "201706071532", "201706071602", "201706071620", "201706071630", "201706071658", "201706071735", "201706071752", "201706080945", "201706081335", "201706081445", "201706081626", "201706081707", "201706130952", "201706131127", "201706131318", "201706141033", "201706141147", "201706141538", "201706141720", "201706141819", "201709200946", "201709201027", "201709201221", "201709201319", "201709201530", "201709201605", "201709201700", "201709210940", "201709211047", "201709211317", "201709211444", "201709211547", "201709220932", "201709221037", "201709221238", "201709221313", "201709221435", "201709221527", "201710031224", "201710031247", "201710031436", "201710040938", "201710060950", "201710061114", "201710061311", "201710061345"], "test_session_set": ["201704101118", "201704130952", "201704131020", "201704131047", "201704131123", "201704131537", "201704131634", "201704131655", "201704140944", "201704141033", "201704141055", "201704141117", "201704141145", "201704141243", "201704141420", "201704141608", "201704141639", "201704141725", "201704150933", "201704151035", "201704151103", "201704151140", "201704151315", "201704151347", "201704151502", "201706061140", "201706061309", "201706061536", "201706061647", "201706140912", "201710031458", "201710031645", "201710041102", "201710041209", "201710041351", "201710041448"]},"EK100": {"data_root": "data/EK100", "class_names": ["Background", "take tap", "take spoon", "take glass", "take wrap:plastic", "take broccoli", "take sugar", "take brush", "take biscuit", "take lemon", "take juicer", "take wrap", "take scale", "take rest", "take hand", "take rack:drying", "take alarm", "take salmon", "take freezer", "take spreads", "take squash", "take leek", "take cap", "take fish", "take fridge", "take lettuce", "take curry", "take seed", "take foil", "take corn", "take soup", "take oatmeal", "take onion:spring", "take clip", "take cup", "take lighter", "take ginger", "take tea", "take nut", "take vinegar", "take holder", "take pin:rolling", "take pie", "take powder", "take burger", "take fork", "take book", "take shell:egg", "take tongs", "take cream", "take pork", "take oregano", "take banana", "take processor:food", "take paste", "take recipe", "take bottle", "take liquid", "take choi:pak", "take cooker:slow", "take plug", "take utensil", "take noodle", "take salami", "take kitchen", "take teapot", "take floor", "take onion", "take tuna", "take lime", "take omelette", "take bacon", "take sandwich", "take phone", "take thermometer", "take orange", "take basket", "take parsley", "take cloth", "take spinner:salad", "take tablet", "take presser", "take coriander", "take opener:bottle", "take cake", "take avocado", "take lentil", "take blueberry", "take board:chopping", "take cellar:salt", "take hummus", "take chair", "take juice", "take pancake", "take bean:green", "take toaster", "take apple", "take chocolate", "take ice", "take bag", "take wine", "take pea", "take yeast", "take coconut", "take fishcakes", "take spinach", "take apron", "take plate", "take spatula", "take raisin", "take basil", "take grape", "take kale", "take wire", "take asparagus", "take paprika", "take mango", "take caper", "take drink", "take container", "take stalk", "take turmeric", "take whetstone", "take kiwi", "take thyme", "take finger:lady", "take beef", "take whisk", "take blackberry", "take liquid:washing", "take slicer", "take control:remote", "take celery", "take cabbage", "take hoover", "take breadstick", "take roll", "take cocktail", "take crisp", "take box", "take ladder", "take beer", "take pan:dust", "take battery", "take powder:washing", "take backpack", "take cumin", "take cutter:pizza", "take pear", "take hob", "take quorn", "take funnel", "take strawberry", "take almond", "take tv", "take scotch:egg", "take straw", "take stand", "take dough", "take machine:sous:vide", "take masher", "take guard:hand", "take shrimp", "take fruit", "take cork", "take cherry", "take mat:sushi", "take package", "take ring:onion", "take pestle", "take gin", "take bar", "take mint", "take grass:lemon", "take rubber", "take water", "take breadcrumb", "take watch", "take melon", "take rosemary", "take syrup", "take meat", "take candle", "take pineapple", "take sheets", "take soda", "take raspberry", "take turkey", "take pot", "take plum", "take cd", "take cupboard", "take potato", "take oil", "take cheese", "take bread", "take food", "take tray", "take bin", "take pepper", "take salt", "take colander", "take knife", "take jar", "take carrot", "take top", "take tomato", "take kettle", "take pasta", "take oven", "take sauce", "take skin", "take paper", "take pan", "take maker:coffee", "take garlic", "take towel", "take egg", "take rubbish", "take rice", "take mushroom", "take chicken", "take cutlery", "take coffee", "take lid", "take glove", "take can", "take leaf", "take sink", "take milk", "take jug", "take aubergine", "take salad", "take chilli", "take bowl", "take dishwasher", "take mixture", "take cucumber", "take clothes", "take peach", "take flour", "take courgette", "take filter", "take butter", "take scissors", "take drawer", "take chopstick", "take tofu", "take blender", "take olive", "take mat", "take spice", "take sausage", "take peeler:potato", "take napkin", "take cover", "take sponge", "take pizza", "take towel:kitchen", "take vegetable", "take stock", "take grater", "take ladle", "take yoghurt", "take cereal", "mix spoon", "mix broccoli", "mix sugar", "mix biscuit", "mix salmon", "mix spreads", "mix squash", "mix leek", "mix fish", "mix fridge", "mix lettuce", "mix curry", "mix corn", "mix soup", "mix oatmeal", "mix onion:spring", "mix cup", "mix ginger", "mix tea", "mix nut", "mix powder", "mix cream", "mix paste", "mix liquid", "mix cooker:slow", "mix noodle", "mix onion", "mix tuna", "mix omelette", "mix bacon", "mix coriander", "mix blueberry", "mix juice", "mix pea", "mix coconut", "mix spinach", "mix spatula", "mix kale", "mix drink", "mix thyme", "mix beef", "mix cabbage", "mix quorn", "mix dough", "mix shrimp", "mix cherry", "mix sprout", "mix water", "mix breadcrumb", "mix cinnamon", "mix dumpling", "mix meat", "mix pot", "mix potato", "mix oil", "mix cheese", "mix bread", "mix food", "mix pepper", "mix salt", "mix knife", "mix carrot", "mix tomato", "mix pasta", "mix sauce", "mix pan", "mix maker:coffee", "mix garlic", "mix egg", "mix rice", "mix mushroom", "mix chicken", "mix coffee", "mix leaf", "mix milk", "mix heat", "mix aubergine", "mix salad", "mix chilli", "mix bowl", "mix mixture", "mix cucumber", "mix flour", "mix courgette", "mix butter", "mix chopstick", "mix tofu", "mix spice", "mix sausage", "mix vegetable", "mix stock", "mix yoghurt", "mix cereal", "move tap", "move spoon", "move glass", "move wrap:plastic", "move broccoli", "move sugar", "move brush", "move biscuit", "move lemon", "move juicer", "move wrap", "move scale", "move rest", "move hand", "move rack:drying", "move fish", "move fridge", "move curry", "move foil", "move machine:washing", "move corn", "move clip", "move cup", "move vinegar", "move holder", "move pin:rolling", "move pie", "move fork", "move book", "move pork", "move processor:food", "move paste", "move recipe", "move bottle", "move choi:pak", "move cooker:slow", "move plug", "move utensil", "move salami", "move teapot", "move floor", "move onion", "move tuna", "move lime", "move omelette", "move sandwich", "move thermometer", "move basket", "move cloth", "move spinner:salad", "move tablet", "move presser", "move opener:bottle", "move blueberry", "move board:chopping", "move chair", "move chocolate", "move bag", "move handle", "move wine", "move yeast", "move plate", "move spatula", "move kale", "move wire", "move container", "move liquid:washing", "move slicer", "move control:remote", "move cocktail", "move box", "move battery", "move hob", "move funnel", "move strawberry", "move shelf", "move stand", "move dough", "move shrimp", "move cherry", "move package", "move bar", "move water", "move meat", "move sheets", "move airer", "move computer", "move pot", "move pen", "move cd", "move cupboard", "move potato", "move oil", "move cheese", "move bread", "move food", "move tray", "move bin", "move pepper", "move salt", "move colander", "move knife", "move jar", "move carrot", "move top", "move tomato", "move kettle", "move pasta", "move oven", "move sauce", "move skin", "move paper", "move pan", "move maker:coffee", "move garlic", "move towel", "move egg", "move rubbish", "move rice", "move mushroom", "move chicken", "move cutlery", "move coffee", "move lid", "move glove", "move can", "move milk", "move jug", "move aubergine", "move salad", "move chilli", "move bowl", "move mixture", "move cucumber", "move clothes", "move peach", "move flour", "move courgette", "move filter", "move butter", "move scissors", "move drawer", "move chopstick", "move tofu", "move blender", "move olive", "move mat", "move spice", "move sausage", "move peeler:potato", "move napkin", "move cover", "move sponge", "move pizza", "move towel:kitchen", "move vegetable", "move stock", "move grater", "move ladle", "move yoghurt", "move cereal", "remove spoon", "remove glass", "remove wrap:plastic", "remove broccoli", "remove sugar", "remove brush", "remove biscuit", "remove wrap", "remove scale", "remove rest", "remove hand", "remove salmon", "remove light", "remove spreads", "remove leek", "remove cap", "remove fish", "remove fridge", "remove lettuce", "remove seed", "remove foil", "remove machine:washing", "remove corn", "remove oatmeal", "remove onion:spring", "remove clip", "remove cup", "remove ginger", "remove tea", "remove holder", "remove burger", "remove shell:egg", "remove cream", "remove oregano", "remove banana", "remove processor:food", "remove bottle", "remove choi:pak", "remove cooker:slow", "remove plug", "remove noodle", "remove floor", "remove onion", "remove tuna", "remove lime", "remove phone", "remove thermometer", "remove basket", "remove tablet", "remove coriander", "remove opener:bottle", "remove avocado", "remove blueberry", "remove board:chopping", "remove pancake", "remove bean:green", "remove toaster", "remove apple", "remove ice", "remove bag", "remove wine", "remove pith", "remove yeast", "remove fishcakes", "remove spinach", "remove apron", "remove plate", "remove raisin", "remove grape", "remove kale", "remove wire", "remove paprika", "remove container", "remove stalk", "remove whetstone", "remove whisk", "remove label", "remove breadstick", "remove cocktail", "remove box", "remove ladder", "remove hob", "remove shelf", "remove straw", "remove dough", "remove artichoke", "remove cork", "remove cherry", "remove sprout", "remove package", "remove stick:crab", "remove rubber", "remove water", "remove watch", "remove dumpling", "remove meat", "remove pot", "remove cupboard", "remove potato", "remove oil", "remove cheese", "remove bread", "remove food", "remove tray", "remove bin", "remove pepper", "remove salt", "remove colander", "remove knife", "remove jar", "remove carrot", "remove top", "remove tomato", "remove kettle", "remove pasta", "remove sauce", "remove skin", "remove paper", "remove pan", "remove maker:coffee", "remove garlic", "remove towel", "remove egg", "remove rubbish", "remove rice", "remove chicken", "remove coffee", "remove lid", "remove glove", "remove can", "remove leaf", "remove milk", "remove jug", "remove aubergine", "remove salad", "remove chilli", "remove bowl", "remove dishwasher", "remove mixture", "remove cucumber", "remove clothes", "remove peach", "remove flour", "remove courgette", "remove filter", "remove butter", "remove scissors", "remove drawer", "remove chopstick", "remove tofu", "remove blender", "remove olive", "remove mat", "remove spice", "remove sausage", "remove cover", "remove sponge", "remove microwave", "remove pizza", "remove towel:kitchen", "remove vegetable", "remove stock", "remove yoghurt", "remove cereal", "throw tap", "throw spoon", "throw glass", "throw wrap:plastic", "throw broccoli", "throw sugar", "throw biscuit", "throw lemon", "throw wrap", "throw rest", "throw squash", "throw leek", "throw cap", "throw seed", "throw foil", "throw onion:spring", "throw cup", "throw tea", "throw shell:egg", "throw bottle", "throw choi:pak", "throw onion", "throw cloth", "throw coriander", "throw pancake", "throw bean:green", "throw ice", "throw bag", "throw apron", "throw plate", "throw kale", "throw container", "throw cocktail", "throw box", "throw pan:dust", "throw backpack", "throw pear", "throw cork", "throw package", "throw rubber", "throw water", "throw meat", "throw pot", "throw potato", "throw oil", "throw cheese", "throw bread", "throw food", "throw bin", "throw pepper", "throw colander", "throw jar", "throw carrot", "throw top", "throw tomato", "throw kettle", "throw pasta", "throw skin", "throw paper", "throw pan", "throw garlic", "throw towel", "throw egg", "throw rubbish", "throw rice", "throw chicken", "throw coffee", "throw lid", "throw glove", "throw can", "throw leaf", "throw sink", "throw aubergine", "throw salad", "throw chilli", "throw bowl", "throw cucumber", "throw peach", "throw flour", "throw courgette", "throw filter", "throw butter", "throw sausage", "throw napkin", "throw cover", "throw sponge", "throw towel:kitchen", "throw stock", "throw grater", "dry spoon", "dry glass", "dry juicer", "dry rest", "dry hand", "dry rack:drying", "dry leek", "dry clip", "dry cup", "dry holder", "dry fork", "dry book", "dry utensil", "dry salami", "dry kitchen", "dry teapot", "dry floor", "dry lime", "dry thermometer", "dry cloth", "dry spinner:salad", "dry board:chopping", "dry apple", "dry plate", "dry spatula", "dry container", "dry cocktail", "dry box", "dry hob", "dry stand", "dry guard:hand", "dry pot", "dry food", "dry tray", "dry colander", "dry knife", "dry jar", "dry top", "dry tomato", "dry pan", "dry maker:coffee", "dry cutlery", "dry lid", "dry glove", "dry sink", "dry jug", "dry bowl", "dry cucumber", "dry peach", "dry filter", "dry scissors", "dry blender", "dry peeler:potato", "dry sponge", "dry ladle", "shake spoon", "shake glass", "shake brush", "shake rest", "shake hand", "shake rack:drying", "shake salmon", "shake leek", "shake fish", "shake corn", "shake oatmeal", "shake cup", "shake fork", "shake bottle", "shake liquid", "shake onion", "shake thermometer", "shake cloth", "shake spinner:salad", "shake coriander", "shake opener:bottle", "shake board:chopping", "shake juice", "shake apple", "shake bag", "shake plate", "shake spatula", "shake caper", "shake drink", "shake container", "shake whetstone", "shake blackberry", "shake liquid:washing", "shake slicer", "shake box", "shake air", "shake hob", "shake straw", "shake stand", "shake dough", "shake shrimp", "shake package", "shake water", "shake pot", "shake potato", "shake cheese", "shake food", "shake tray", "shake pepper", "shake salt", "shake colander", "shake knife", "shake jar", "shake tomato", "shake pasta", "shake sauce", "shake pan", "shake maker:coffee", "shake towel", "shake egg", "shake rubbish", "shake rice", "shake chicken", "shake cutlery", "shake coffee", "shake lid", "shake glove", "shake can", "shake milk", "shake jug", "shake salad", "shake bowl", "shake cucumber", "shake peach", "shake courgette", "shake filter", "shake scissors", "shake chopstick", "shake blender", "shake mat", "shake peeler:potato", "shake cover", "shake vegetable", "shake grater", "scoop spoon", "scoop sugar", "scoop biscuit", "scoop lemon", "scoop salmon", "scoop spreads", "scoop squash", "scoop corn", "scoop soup", "scoop oatmeal", "scoop tea", "scoop nut", "scoop powder", "scoop burger", "scoop shell:egg", "scoop cream", "scoop pork", "scoop oregano", "scoop paste", "scoop liquid", "scoop onion", "scoop coriander", "scoop avocado", "scoop blueberry", "scoop yeast", "scoop container", "scoop kiwi", "scoop thyme", "scoop powder:washing", "scoop almond", "scoop dough", "scoop water", "scoop cinnamon", "scoop meat", "scoop potato", "scoop oil", "scoop cheese", "scoop food", "scoop pepper", "scoop salt", "scoop carrot", "scoop tomato", "scoop pasta", "scoop sauce", "scoop pan", "scoop garlic", "scoop egg", "scoop rubbish", "scoop rice", "scoop chicken", "scoop coffee", "scoop leaf", "scoop milk", "scoop chilli", "scoop mixture", "scoop cucumber", "scoop flour", "scoop butter", "scoop tofu", "scoop spice", "scoop vegetable", "scoop stock", "scoop yoghurt", "adjust tap", "adjust broccoli", "adjust scale", "adjust alarm", "adjust salmon", "adjust light", "adjust leek", "adjust foil", "adjust machine:washing", "adjust cup", "adjust fork", "adjust book", "adjust pork", "adjust bottle", "adjust cooker:slow", "adjust sandwich", "adjust phone", "adjust thermometer", "adjust fan:extractor", "adjust board:chopping", "adjust chair", "adjust juice", "adjust bag", "adjust knob", "adjust handle", "adjust fishcakes", "adjust plate", "adjust container", "adjust box", "adjust hob", "adjust tv", "adjust straw", "adjust package", "adjust water", "adjust meat", "adjust pot", "adjust camera", "adjust potato", "adjust bread", "adjust tray", "adjust colander", "adjust knife", "adjust top", "adjust oven", "adjust paper", "adjust pan", "adjust maker:coffee", "adjust towel", "adjust rice", "adjust coffee", "adjust lid", "adjust glove", "adjust leaf", "adjust heat", "adjust aubergine", "adjust bowl", "adjust clothes", "adjust chopstick", "adjust tofu", "adjust blender", "adjust mat", "adjust ladle", "squeeze spoon", "squeeze wrap:plastic", "squeeze lemon", "squeeze wrap", "squeeze hand", "squeeze spreads", "squeeze lettuce", "squeeze curry", "squeeze burger", "squeeze cream", "squeeze paste", "squeeze bottle", "squeeze liquid", "squeeze tuna", "squeeze lime", "squeeze orange", "squeeze cloth", "squeeze presser", "squeeze juice", "squeeze bag", "squeeze caper", "squeeze liquid:washing", "squeeze box", "squeeze air", "squeeze dough", "squeeze mat:sushi", "squeeze package", "squeeze water", "squeeze cheese", "squeeze bread", "squeeze pepper", "squeeze salt", "squeeze tomato", "squeeze pasta", "squeeze sauce", "squeeze paper", "squeeze maker:coffee", "squeeze garlic", "squeeze towel", "squeeze rice", "squeeze can", "squeeze mixture", "squeeze butter", "squeeze sausage", "squeeze napkin", "squeeze sponge", "squeeze towel:kitchen", "peel wrap:plastic", "peel salmon", "peel squash", "peel fish", "peel foil", "peel onion:spring", "peel ginger", "peel banana", "peel onion", "peel avocado", "peel label", "peel cabbage", "peel dough", "peel package", "peel grass:lemon", "peel melon", "peel potato", "peel cheese", "peel carrot", "peel skin", "peel paper", "peel garlic", "peel rice", "peel lid", "peel can", "peel leaf", "peel peach", "peel courgette", "peel sausage", "put tap", "put spoon", "put glass", "put wrap:plastic", "put broccoli", "put sugar", "put brush", "put biscuit", "put lemon", "put juicer", "put wrap", "put scale", "put rest", "put rack:drying", "put alarm", "put salmon", "put freezer", "put light", "put spreads", "put squash", "put leek", "put cap", "put fish", "put fridge", "put lettuce", "put curry", "put seed", "put foil", "put machine:washing", "put corn", "put soup", "put oatmeal", "put onion:spring", "put clip", "put cup", "put lighter", "put ginger", "put tea", "put nut", "put vinegar", "put holder", "put pin:rolling", "put pie", "put powder", "put burger", "put fork", "put book", "put shell:egg", "put tongs", "put cream", "put pork", "put oregano", "put banana", "put processor:food", "put paste", "put recipe", "put bottle", "put liquid", "put choi:pak", "put cooker:slow", "put plug", "put utensil", "put noodle", "put salami", "put teapot", "put floor", "put onion", "put tuna", "put lime", "put omelette", "put bacon", "put sandwich", "put phone", "put thermometer", "put orange", "put basket", "put parsley", "put cloth", "put spinner:salad", "put tablet", "put presser", "put coriander", "put opener:bottle", "put cake", "put avocado", "put lentil", "put blueberry", "put board:chopping", "put cellar:salt", "put hummus", "put chair", "put juice", "put pancake", "put bean:green", "put toaster", "put apple", "put chocolate", "put bag", "put wine", "put pea", "put yeast", "put coconut", "put fishcakes", "put spinach", "put apron", "put plate", "put spatula", "put raisin", "put basil", "put grape", "put kale", "put paprika", "put mango", "put caper", "put drink", "put container", "put turmeric", "put whetstone", "put kiwi", "put bean", "put thyme", "put finger:lady", "put beef", "put whisk", "put blackberry", "put liquid:washing", "put slicer", "put control:remote", "put label", "put celery", "put cabbage", "put hoover", "put breadstick", "put roll", "put cocktail", "put crisp", "put box", "put ladder", "put beer", "put pan:dust", "put battery", "put powder:washing", "put backpack", "put cumin", "put cutter:pizza", "put pear", "put hob", "put quorn", "put funnel", "put almond", "put scotch:egg", "put shelf", "put straw", "put stand", "put dough", "put machine:sous:vide", "put masher", "put guard:hand", "put fruit", "put cork", "put sprout", "put mat:sushi", "put package", "put ring:onion", "put pestle", "put gin", "put bar", "put mint", "put heater", "put rubber", "put water", "put watch", "put melon", "put dumpling", "put rosemary", "put syrup", "put meat", "put candle", "put pineapple", "put sheets", "put soda", "put turkey", "put pot", "put pen", "put plum", "put cupboard", "put potato", "put oil", "put cheese", "put bread", "put food", "put tray", "put bin", "put pepper", "put salt", "put colander", "put knife", "put jar", "put carrot", "put top", "put tomato", "put kettle", "put pasta", "put oven", "put sauce", "put skin", "put paper", "put pan", "put maker:coffee", "put garlic", "put towel", "put egg", "put rubbish", "put rice", "put mushroom", "put chicken", "put cutlery", "put coffee", "put lid", "put glove", "put can", "put leaf", "put sink", "put milk", "put jug", "put aubergine", "put salad", "put chilli", "put bowl", "put dishwasher", "put mixture", "put cucumber", "put clothes", "put peach", "put flour", "put courgette", "put filter", "put butter", "put scissors", "put drawer", "put chopstick", "put tofu", "put blender", "put olive", "put mat", "put spice", "put sausage", "put peeler:potato", "put napkin", "put cover", "put sponge", "put pizza", "put towel:kitchen", "put vegetable", "put stock", "put grater", "put ladle", "put yoghurt", "put cereal", "empty spoon", "empty glass", "empty rack:drying", "empty salmon", "empty corn", "empty cup", "empty tea", "empty nut", "empty holder", "empty bottle", "empty liquid", "empty cooker:slow", "empty plug", "empty teapot", "empty bag", "empty plate", "empty raisin", "empty container", "empty box", "empty pan:dust", "empty dough", "empty package", "empty water", "empty pot", "empty oil", "empty cheese", "empty food", "empty salt", "empty colander", "empty jar", "empty kettle", "empty pan", "empty maker:coffee", "empty egg", "empty rice", "empty mushroom", "empty chicken", "empty coffee", "empty can", "empty sink", "empty milk", "empty jug", "empty bowl", "empty dishwasher", "empty flour", "empty courgette", "empty filter", "empty tofu", "empty spice", "empty cover", "empty vegetable", "press glass", "press broccoli", "press biscuit", "press wrap", "press rack:drying", "press alarm", "press salmon", "press leek", "press curry", "press oatmeal", "press paste", "press bottle", "press onion", "press omelette", "press sandwich", "press orange", "press parsley", "press coriander", "press cake", "press toaster", "press bag", "press spatula", "press kale", "press container", "press battery", "press air", "press dough", "press package", "press meat", "press pot", "press cupboard", "press bread", "press food", "press tray", "press bin", "press pepper", "press carrot", "press pasta", "press oven", "press maker:coffee", "press garlic", "press rubbish", "press rice", "press chicken", "press lid", "press jug", "press bowl", "press dishwasher", "press mixture", "press drawer", "press chopstick", "press tofu", "press button", "press towel:kitchen", "flip wrap", "flip scale", "flip fish", "flip fridge", "flip corn", "flip oatmeal", "flip burger", "flip book", "flip tongs", "flip pork", "flip recipe", "flip cooker:slow", "flip omelette", "flip board:chopping", "flip pancake", "flip plate", "flip dough", "flip package", "flip meat", "flip potato", "flip cheese", "flip bread", "flip food", "flip tray", "flip colander", "flip carrot", "flip pan", "flip maker:coffee", "flip chicken", "flip lid", "flip glove", "flip aubergine", "flip bowl", "flip cucumber", "flip tofu", "flip sausage", "flip cover", "flip pizza", "turn tap", "turn spoon", "turn glass", "turn fish", "turn corn", "turn cup", "turn pin:rolling", "turn tongs", "turn bottle", "turn cooker:slow", "turn onion", "turn omelette", "turn thermometer", "turn cloth", "turn cake", "turn board:chopping", "turn knob", "turn handle", "turn plate", "turn container", "turn hob", "turn quorn", "turn tv", "turn dough", "turn package", "turn ring:onion", "turn water", "turn meat", "turn potato", "turn cheese", "turn bread", "turn tray", "turn pepper", "turn knife", "turn jar", "turn kettle", "turn pasta", "turn paper", "turn pan", "turn maker:coffee", "turn chicken", "turn lid", "turn can", "turn heat", "turn jug", "turn bowl", "turn cucumber", "turn filter", "turn butter", "turn chopstick", "turn tofu", "turn blender", "turn mat", "turn sausage", "turn pizza", "turn button", "check tap", "check glass", "check juicer", "check wrap", "check hand", "check alarm", "check fish", "check fridge", "check curry", "check machine:washing", "check cup", "check ginger", "check nut", "check pie", "check burger", "check book", "check pork", "check recipe", "check bottle", "check cooker:slow", "check plug", "check teapot", "check onion", "check tuna", "check phone", "check blueberry", "check board:chopping", "check bag", "check knob", "check plate", "check basil", "check paprika", "check mango", "check kiwi", "check cocktail", "check box", "check hob", "check dough", "check cherry", "check sprout", "check package", "check water", "check watch", "check meat", "check pot", "check cupboard", "check potato", "check oil", "check bread", "check food", "check knife", "check jar", "check top", "check kettle", "check oven", "check sauce", "check paper", "check pan", "check maker:coffee", "check towel", "check egg", "check rice", "check mushroom", "check chicken", "check coffee", "check lid", "check leaf", "check sink", "check milk", "check heat", "check jug", "check aubergine", "check bowl", "check dishwasher", "check mixture", "check cucumber", "check clothes", "check flour", "check butter", "check drawer", "check cover", "check microwave", "check pizza", "scrape spoon", "scrape broccoli", "scrape lemon", "scrape salmon", "scrape spreads", "scrape fish", "scrape soup", "scrape cup", "scrape cream", "scrape pork", "scrape liquid", "scrape onion", "scrape tuna", "scrape board:chopping", "scrape hummus", "scrape pea", "scrape spatula", "scrape dough", "scrape pestle", "scrape meat", "scrape pot", "scrape cheese", "scrape food", "scrape pepper", "scrape colander", "scrape knife", "scrape carrot", "scrape tomato", "scrape sauce", "scrape skin", "scrape pan", "scrape garlic", "scrape egg", "scrape rubbish", "scrape rice", "scrape mushroom", "scrape chicken", "scrape coffee", "scrape leaf", "scrape sink", "scrape milk", "scrape salad", "scrape chilli", "scrape bowl", "scrape mixture", "scrape flour", "scrape butter", "scrape tofu", "scrape spice", "scrape sausage", "scrape sponge", "scrape vegetable", "scrape stock", "fill spoon", "fill glass", "fill wrap", "fill squash", "fill cup", "fill bottle", "fill liquid", "fill sandwich", "fill container", "fill roll", "fill box", "fill water", "fill pot", "fill bread", "fill tray", "fill bin", "fill jar", "fill kettle", "fill pan", "fill maker:coffee", "fill can", "fill jug", "fill bowl", "apply spreads", "apply foil", "apply nut", "apply book", "apply cream", "apply liquid", "apply onion", "apply cloth", "apply hummus", "apply plate", "apply basil", "apply liquid:washing", "apply dough", "apply water", "apply meat", "apply potato", "apply oil", "apply cheese", "apply bread", "apply salt", "apply tomato", "apply sauce", "apply garlic", "apply egg", "apply rubbish", "apply leaf", "apply bowl", "apply mixture", "apply clothes", "apply flour", "apply butter", "apply tofu", "apply olive", "apply spice", "apply vegetable", "fold wrap:plastic", "fold wrap", "fold foil", "fold book", "fold salami", "fold cloth", "fold board:chopping", "fold bag", "fold yeast", "fold box", "fold dough", "fold package", "fold bar", "fold cheese", "fold bread", "fold paper", "fold towel", "fold filter", "fold mat", "fold napkin", "fold towel:kitchen", "scrub spoon", "scrub glass", "scrub juicer", "scrub rest", "scrub cup", "scrub fork", "scrub teapot", "scrub spinner:salad", "scrub board:chopping", "scrub plate", "scrub spatula", "scrub container", "scrub slicer", "scrub box", "scrub guard:hand", "scrub pot", "scrub tray", "scrub colander", "scrub knife", "scrub top", "scrub pan", "scrub maker:coffee", "scrub cutlery", "scrub lid", "scrub can", "scrub sink", "scrub jug", "scrub bowl", "scrub scissors", "scrub grater", "wash tap", "wash spoon", "wash glass", "wash broccoli", "wash brush", "wash juicer", "wash rest", "wash hand", "wash rack:drying", "wash leek", "wash cap", "wash fish", "wash fridge", "wash lettuce", "wash seed", "wash corn", "wash onion:spring", "wash clip", "wash cup", "wash ginger", "wash nut", "wash holder", "wash pin:rolling", "wash fork", "wash tongs", "wash oregano", "wash processor:food", "wash recipe", "wash bottle", "wash liquid", "wash choi:pak", "wash plug", "wash utensil", "wash kitchen", "wash teapot", "wash floor", "wash onion", "wash lime", "wash thermometer", "wash basket", "wash parsley", "wash cloth", "wash spinner:salad", "wash presser", "wash coriander", "wash opener:bottle", "wash lentil", "wash blueberry", "wash board:chopping", "wash bean:green", "wash apple", "wash bag", "wash handle", "wash spinach", "wash plate", "wash spatula", "wash grape", "wash asparagus", "wash mango", "wash caper", "wash container", "wash whetstone", "wash finger:lady", "wash whisk", "wash blackberry", "wash liquid:washing", "wash slicer", "wash celery", "wash cabbage", "wash cocktail", "wash box", "wash cutter:pizza", "wash pear", "wash hob", "wash funnel", "wash wall", "wash strawberry", "wash shelf", "wash straw", "wash stand", "wash dough", "wash masher", "wash guard:hand", "wash shrimp", "wash fruit", "wash cork", "wash package", "wash pestle", "wash water", "wash meat", "wash raspberry", "wash pot", "wash cupboard", "wash potato", "wash oil", "wash bread", "wash food", "wash tray", "wash bin", "wash pepper", "wash colander", "wash knife", "wash jar", "wash carrot", "wash top", "wash tomato", "wash kettle", "wash oven", "wash sauce", "wash paper", "wash pan", "wash maker:coffee", "wash garlic", "wash towel", "wash egg", "wash rubbish", "wash rice", "wash mushroom", "wash chicken", "wash cutlery", "wash coffee", "wash lid", "wash glove", "wash can", "wash leaf", "wash sink", "wash milk", "wash jug", "wash aubergine", "wash salad", "wash chilli", "wash bowl", "wash mixture", "wash cucumber", "wash clothes", "wash peach", "wash flour", "wash courgette", "wash filter", "wash butter", "wash scissors", "wash chopstick", "wash tofu", "wash blender", "wash mat", "wash peeler:potato", "wash napkin", "wash cover", "wash sponge", "wash microwave", "wash towel:kitchen", "wash vegetable", "wash grater", "wash ladle", "break broccoli", "break biscuit", "break salmon", "break fish", "break ginger", "break onion", "break coriander", "break bean:green", "break chocolate", "break ice", "break meat", "break cheese", "break pasta", "break garlic", "break towel", "break egg", "break rice", "break chicken", "break leaf", "break butter", "break towel:kitchen", "break stock", "pull spoon", "pull wrap:plastic", "pull broccoli", "pull rack:drying", "pull foil", "pull cup", "pull shell:egg", "pull plug", "pull tuna", "pull cloth", "pull chair", "pull bag", "pull spatula", "pull wire", "pull container", "pull beef", "pull label", "pull box", "pull battery", "pull stand", "pull dough", "pull package", "pull pot", "pull bread", "pull tray", "pull bin", "pull carrot", "pull tomato", "pull oven", "pull paper", "pull pan", "pull maker:coffee", "pull garlic", "pull towel", "pull coffee", "pull lid", "pull glove", "pull jug", "pull bowl", "pull dishwasher", "pull mixture", "pull cucumber", "pull clothes", "pull scissors", "pull drawer", "pull sausage", "pull peeler:potato", "pull microwave", "pull towel:kitchen", "pat spoon", "pat glass", "pat brush", "pat hand", "pat fish", "pat fridge", "pat holder", "pat burger", "pat fork", "pat pork", "pat bottle", "pat noodle", "pat omelette", "pat spatula", "pat dough", "pat water", "pat meat", "pat cheese", "pat bread", "pat food", "pat tray", "pat colander", "pat knife", "pat garlic", "pat egg", "pat rice", "pat lid", "pat tofu", "pat napkin", "pat sponge", "pat grater", "pat ladle", "lift spoon", "lift rack:drying", "lift foil", "lift holder", "lift pin:rolling", "lift recipe", "lift bottle", "lift omelette", "lift thermometer", "lift cake", "lift bag", "lift handle", "lift plate", "lift spatula", "lift box", "lift hob", "lift dough", "lift cheese", "lift bread", "lift tray", "lift bin", "lift jar", "lift pan", "lift maker:coffee", "lift towel", "lift lid", "lift bowl", "lift dishwasher", "lift mixture", "lift chopstick", "lift tofu", "lift blender", "lift cover", "hold tap", "hold spoon", "hold glass", "hold juicer", "hold wrap", "hold hand", "hold cap", "hold cup", "hold pork", "hold bottle", "hold tablet", "hold presser", "hold bag", "hold handle", "hold plate", "hold box", "hold dough", "hold package", "hold meat", "hold oil", "hold cheese", "hold bread", "hold tray", "hold colander", "hold knife", "hold jar", "hold carrot", "hold tomato", "hold kettle", "hold oven", "hold paper", "hold pan", "hold towel", "hold egg", "hold chicken", "hold lid", "hold glove", "hold sink", "hold jug", "hold bowl", "hold cucumber", "hold butter", "hold tofu", "hold blender", "eat spoon", "eat broccoli", "eat biscuit", "eat wrap", "eat hand", "eat squash", "eat curry", "eat corn", "eat soup", "eat nut", "eat cream", "eat pork", "eat liquid", "eat tuna", "eat tablet", "eat bean:green", "eat apple", "eat chocolate", "eat pea", "eat roll", "eat scotch:egg", "eat cherry", "eat meat", "eat potato", "eat cheese", "eat bread", "eat food", "eat pepper", "eat carrot", "eat pasta", "eat rubbish", "eat rice", "eat mushroom", "eat salad", "eat mixture", "eat cucumber", "eat courgette", "eat tofu", "eat olive", "eat sausage", "wrap glass", "wrap wrap:plastic", "wrap hand", "wrap squash", "wrap curry", "wrap foil", "wrap clip", "wrap fork", "wrap processor:food", "wrap onion", "wrap lime", "wrap omelette", "wrap sandwich", "wrap cake", "wrap toaster", "wrap bag", "wrap apron", "wrap plate", "wrap raisin", "wrap wire", "wrap container", "wrap box", "wrap dough", "wrap package", "wrap meat", "wrap pot", "wrap cheese", "wrap bread", "wrap food", "wrap tray", "wrap salt", "wrap colander", "wrap knife", "wrap top", "wrap pasta", "wrap sauce", "wrap pan", "wrap maker:coffee", "wrap towel", "wrap chicken", "wrap coffee", "wrap lid", "wrap can", "wrap milk", "wrap salad", "wrap bowl", "wrap clothes", "wrap flour", "wrap butter", "wrap blender", "wrap sausage", "wrap yoghurt", "filter glass", "filter broccoli", "filter rack:drying", "filter squash", "filter corn", "filter cup", "filter liquid", "filter choi:pak", "filter parsley", "filter coriander", "filter blueberry", "filter board:chopping", "filter plate", "filter container", "filter package", "filter water", "filter pot", "filter potato", "filter oil", "filter cheese", "filter tray", "filter colander", "filter tomato", "filter pasta", "filter sauce", "filter pan", "filter maker:coffee", "filter rice", "filter mushroom", "filter lid", "filter can", "filter sink", "filter salad", "filter bowl", "filter tofu", "filter vegetable", "filter grater", "look spoon", "look hand", "look alarm", "look fridge", "look cup", "look burger", "look book", "look pork", "look recipe", "look bottle", "look kitchen", "look floor", "look phone", "look thermometer", "look bag", "look label", "look cabbage", "look box", "look powder:washing", "look hob", "look dough", "look package", "look water", "look meat", "look cupboard", "look bread", "look pepper", "look carrot", "look top", "look kettle", "look oven", "look sauce", "look paper", "look pan", "look can", "look heat", "look salad", "look drawer", "look spice", "look sponge", "unroll wrap:plastic", "unroll foil", "unroll omelette", "unroll cloth", "unroll bag", "unroll dough", "unroll package", "unroll top", "unroll paper", "unroll towel", "unroll egg", "unroll glove", "unroll clothes", "unroll towel:kitchen", "open tap", "open spoon", "open wrap:plastic", "open sugar", "open biscuit", "open wrap", "open rack:drying", "open salmon", "open freezer", "open light", "open spreads", "open squash", "open leek", "open cap", "open fridge", "open lettuce", "open foil", "open machine:washing", "open corn", "open oatmeal", "open onion:spring", "open ginger", "open tea", "open vinegar", "open powder", "open fork", "open book", "open tongs", "open oregano", "open processor:food", "open paste", "open bottle", "open cooker:slow", "open salami", "open teapot", "open tuna", "open bacon", "open sandwich", "open basket", "open tablet", "open presser", "open cake", "open avocado", "open blueberry", "open fan:extractor", "open hummus", "open juice", "open pancake", "open bag", "open wine", "open pea", "open yeast", "open coconut", "open fishcakes", "open spinach", "open plate", "open raisin", "open grape", "open kale", "open paprika", "open drink", "open container", "open turmeric", "open thyme", "open blackberry", "open liquid:washing", "open roll", "open box", "open ladder", "open battery", "open backpack", "open hob", "open almond", "open shrimp", "open artichoke", "open package", "open window", "open rosemary", "open meat", "open raspberry", "open pot", "open door:kitchen", "open cupboard", "open potato", "open oil", "open cheese", "open bread", "open tray", "open bin", "open pepper", "open salt", "open knife", "open jar", "open carrot", "open top", "open tomato", "open kettle", "open pasta", "open oven", "open sauce", "open paper", "open pan", "open maker:coffee", "open garlic", "open egg", "open rubbish", "open rice", "open mushroom", "open chicken", "open coffee", "open lid", "open can", "open leaf", "open sink", "open milk", "open heat", "open jug", "open salad", "open chilli", "open bowl", "open dishwasher", "open mixture", "open cucumber", "open flour", "open courgette", "open filter", "open butter", "open scissors", "open drawer", "open tofu", "open blender", "open olive", "open mat", "open spice", "open sausage", "open cover", "open microwave", "open pizza", "open stock", "open yoghurt", "open cereal", "sort tap", "sort spoon", "sort glass", "sort broccoli", "sort wrap", "sort leek", "sort fridge", "sort cup", "sort fork", "sort shell:egg", "sort bottle", "sort salami", "sort kitchen", "sort onion", "sort lime", "sort sandwich", "sort coriander", "sort avocado", "sort board:chopping", "sort bean:green", "sort apple", "sort bag", "sort plate", "sort wire", "sort kiwi", "sort box", "sort dough", "sort meat", "sort pot", "sort cupboard", "sort bread", "sort food", "sort tray", "sort bin", "sort pepper", "sort jar", "sort carrot", "sort tomato", "sort kettle", "sort paper", "sort pan", "sort maker:coffee", "sort garlic", "sort towel", "sort egg", "sort cutlery", "sort coffee", "sort glove", "sort leaf", "sort jug", "sort bowl", "sort mixture", "sort cucumber", "sort drawer", "sort chopstick", "sort tofu", "sort mat", "sort cover", "sort pizza", "hang hand", "hang cup", "hang cloth", "hang bag", "hang spatula", "hang pot", "hang towel", "hang glove", "hang clothes", "hang cover", "hang sponge", "sprinkle corn", "sprinkle oregano", "sprinkle onion", "sprinkle tuna", "sprinkle bacon", "sprinkle coriander", "sprinkle coconut", "sprinkle basil", "sprinkle package", "sprinkle water", "sprinkle rosemary", "sprinkle oil", "sprinkle cheese", "sprinkle pepper", "sprinkle salt", "sprinkle tomato", "sprinkle sauce", "sprinkle towel", "sprinkle leaf", "sprinkle chilli", "sprinkle flour", "sprinkle olive", "sprinkle cover", "sprinkle stock", "rip wrap:plastic", "rip broccoli", "rip foil", "rip pork", "rip banana", "rip bacon", "rip bag", "rip dough", "rip package", "rip meat", "rip skin", "rip paper", "rip sponge", "rip towel:kitchen", "spray liquid:washing", "spray hob", "spray oil", "spray top", "cook fish", "cook lettuce", "cook omelette", "cook bacon", "cook sprout", "cook ring:onion", "cook water", "cook meat", "cook oil", "cook bread", "cook food", "cook tomato", "cook kettle", "cook pasta", "cook oven", "cook pan", "cook egg", "cook rice", "cook chicken", "cook bowl", "cook mixture", "cook sausage", "cook vegetable", "add alarm", "add spreads", "add corn", "add tea", "add nut", "add vinegar", "add oregano", "add banana", "add onion", "add thyme", "add liquid:washing", "add package", "add water", "add breadcrumb", "add meat", "add potato", "add oil", "add cheese", "add pepper", "add salt", "add sauce", "add pan", "add garlic", "add egg", "add chicken", "add jug", "add chilli", "add mixture", "add flour", "add olive", "add sausage", "add vegetable", "add yoghurt", "roll wrap:plastic", "roll lemon", "roll wrap", "roll pin:rolling", "roll omelette", "roll cake", "roll bag", "roll dough", "roll package", "roll bread", "roll tray", "roll knife", "roll carrot", "roll egg", "roll bowl", "roll chopstick", "search spoon", "search scale", "search hand", "search light", "search fridge", "search cup", "search tea", "search book", "search shell:egg", "search bottle", "search onion", "search board:chopping", "search bag", "search coconut", "search plate", "search paprika", "search container", "search kiwi", "search box", "search hob", "search package", "search pestle", "search water", "search cupboard", "search oil", "search salt", "search knife", "search oven", "search garlic", "search towel", "search rice", "search bowl", "search mixture", "search cucumber", "search flour", "search scissors", "search drawer", "search spice", "search peeler:potato", "search cover", "search vegetable", "search ladle", "search yoghurt", "crush biscuit", "crush bottle", "crush tablet", "crush avocado", "crush bag", "crush box", "crush package", "crush cheese", "crush pepper", "crush salt", "crush pan", "crush maker:coffee", "crush garlic", "crush coffee", "crush can", "crush leaf", "crush milk", "crush butter", "crush spice", "crush stock", "close tap", "close glass", "close wrap:plastic", "close sugar", "close wrap", "close scale", "close freezer", "close spreads", "close squash", "close cap", "close fridge", "close machine:washing", "close corn", "close oatmeal", "close clip", "close cup", "close tea", "close vinegar", "close holder", "close powder", "close burger", "close book", "close tongs", "close oregano", "close processor:food", "close paste", "close bottle", "close cooker:slow", "close plug", "close salami", "close teapot", "close sandwich", "close phone", "close basket", "close tablet", "close presser", "close blueberry", "close fan:extractor", "close hummus", "close juice", "close pancake", "close toaster", "close bag", "close wine", "close plate", "close paprika", "close drink", "close container", "close turmeric", "close blackberry", "close liquid:washing", "close box", "close ladder", "close hob", "close almond", "close package", "close rosemary", "close pot", "close door:kitchen", "close cupboard", "close oil", "close bread", "close bin", "close pepper", "close salt", "close jar", "close top", "close kettle", "close pasta", "close oven", "close sauce", "close paper", "close pan", "close maker:coffee", "close garlic", "close rubbish", "close rice", "close mushroom", "close coffee", "close lid", "close can", "close leaf", "close sink", "close milk", "close heat", "close jug", "close salad", "close chilli", "close bowl", "close dishwasher", "close flour", "close butter", "close drawer", "close blender", "close olive", "close mat", "close spice", "close cover", "close microwave", "close stock", "close yoghurt", "close cereal", "stretch hand", "stretch bag", "stretch dough", "stretch cheese", "stretch towel", "stretch lid", "knead hand", "knead paste", "knead dough", "knead bowl", "divide broccoli", "divide fish", "divide onion:spring", "divide choi:pak", "divide salami", "divide onion", "divide plate", "divide box", "divide hob", "divide dough", "divide meat", "divide potato", "divide bread", "divide carrot", "divide tomato", "divide maker:coffee", "divide garlic", "divide glove", "divide cucumber", "divide filter", "divide butter", "divide tofu", "divide blender", "divide pizza", "set scale", "set alarm", "set machine:washing", "set knob", "set hob", "set tv", "set machine:sous:vide", "set power", "set oven", "set heat", "set filter", "set microwave", "feel broccoli", "feel fridge", "feel thermometer", "feel board:chopping", "feel plate", "feel hob", "feel dough", "feel water", "feel oil", "feel cheese", "feel bread", "feel tray", "feel jar", "feel towel", "feel lid", "feel heat", "feel bowl", "feel tofu", "feel towel:kitchen", "rub hand", "rub recipe", "rub choi:pak", "rub cooker:slow", "rub board:chopping", "rub spatula", "rub dough", "rub water", "rub face", "rub oil", "rub salt", "rub knife", "rub sauce", "rub pan", "rub lid", "rub leaf", "rub flour", "rub sponge", "rub towel:kitchen", "soak spoon", "soak glass", "soak juicer", "soak fork", "soak utensil", "soak board:chopping", "soak bag", "soak plate", "soak spatula", "soak box", "soak masher", "soak cheese", "soak tray", "soak knife", "soak pan", "soak lid", "soak can", "soak bowl", "soak peeler:potato", "soak sponge", "soak grater", "soak cereal", "brush brush", "brush hand", "brush floor", "brush presser", "brush dough", "brush pot", "brush oil", "brush knife", "brush garlic", "brush rubbish", "brush rice", "brush sink", "brush flour", "brush cover", "sharpen tap", "sharpen whetstone", "sharpen knife", "drop spoon", "drop broccoli", "drop brush", "drop salmon", "drop leek", "drop shell:egg", "drop bottle", "drop floor", "drop onion", "drop board:chopping", "drop fishcakes", "drop container", "drop roll", "drop dough", "drop guard:hand", "drop water", "drop oil", "drop cheese", "drop bread", "drop colander", "drop knife", "drop jar", "drop carrot", "drop paper", "drop pan", "drop maker:coffee", "drop egg", "drop rubbish", "drop rice", "drop lid", "drop can", "drop milk", "drop bowl", "drop clothes", "drop courgette", "drop napkin", "drop sponge", "drop grater", "insert tap", "insert spoon", "insert glass", "insert wrap:plastic", "insert broccoli", "insert sugar", "insert brush", "insert biscuit", "insert lemon", "insert juicer", "insert wrap", "insert scale", "insert rest", "insert hand", "insert rack:drying", "insert salmon", "insert freezer", "insert spreads", "insert squash", "insert leek", "insert cap", "insert fish", "insert fridge", "insert lettuce", "insert curry", "insert seed", "insert foil", "insert corn", "insert oatmeal", "insert onion:spring", "insert clip", "insert cup", "insert ginger", "insert tea", "insert nut", "insert vinegar", "insert holder", "insert pin:rolling", "insert pie", "insert powder", "insert burger", "insert fork", "insert shell:egg", "insert tongs", "insert cream", "insert pork", "insert oregano", "insert banana", "insert processor:food", "insert paste", "insert bottle", "insert liquid", "insert choi:pak", "insert cooker:slow", "insert plug", "insert utensil", "insert noodle", "insert salami", "insert teapot", "insert onion", "insert lime", "insert omelette", "insert bacon", "insert sandwich", "insert phone", "insert thermometer", "insert basket", "insert parsley", "insert cloth", "insert spinner:salad", "insert tablet", "insert presser", "insert coriander", "insert opener:bottle", "insert avocado", "insert blueberry", "insert board:chopping", "insert cellar:salt", "insert hummus", "insert juice", "insert pancake", "insert bean:green", "insert toaster", "insert apple", "insert chocolate", "insert ice", "insert bag", "insert pea", "insert yeast", "insert coconut", "insert fishcakes", "insert spinach", "insert plate", "insert spatula", "insert raisin", "insert grape", "insert kale", "insert wire", "insert asparagus", "insert paprika", "insert mango", "insert caper", "insert drink", "insert container", "insert stalk", "insert turmeric", "insert bean", "insert thyme", "insert beef", "insert whisk", "insert liquid:washing", "insert celery", "insert cabbage", "insert breadstick", "insert roll", "insert cocktail", "insert crisp", "insert box", "insert beer", "insert pan:dust", "insert battery", "insert powder:washing", "insert cumin", "insert cutter:pizza", "insert hob", "insert funnel", "insert wall", "insert strawberry", "insert shelf", "insert stand", "insert dough", "insert machine:sous:vide", "insert shrimp", "insert fruit", "insert artichoke", "insert cherry", "insert sprout", "insert mat:sushi", "insert package", "insert ring:onion", "insert bar", "insert mint", "insert grass:lemon", "insert rubber", "insert water", "insert breadcrumb", "insert cinnamon", "insert dumpling", "insert meat", "insert pot", "insert cupboard", "insert potato", "insert oil", "insert cheese", "insert bread", "insert food", "insert tray", "insert bin", "insert pepper", "insert salt", "insert colander", "insert knife", "insert jar", "insert carrot", "insert top", "insert tomato", "insert pasta", "insert oven", "insert sauce", "insert skin", "insert paper", "insert pan", "insert maker:coffee", "insert garlic", "insert towel", "insert egg", "insert rubbish", "insert rice", "insert mushroom", "insert chicken", "insert cutlery", "insert coffee", "insert lid", "insert glove", "insert can", "insert leaf", "insert sink", "insert milk", "insert jug", "insert aubergine", "insert salad", "insert chilli", "insert bowl", "insert dishwasher", "insert mixture", "insert cucumber", "insert clothes", "insert flour", "insert courgette", "insert filter", "insert butter", "insert scissors", "insert drawer", "insert chopstick", "insert tofu", "insert blender", "insert olive", "insert spice", "insert sausage", "insert peeler:potato", "insert napkin", "insert cover", "insert sponge", "insert microwave", "insert pizza", "insert towel:kitchen", "insert vegetable", "insert stock", "insert grater", "insert ladle", "insert yoghurt", "insert cereal", "drink glass", "drink squash", "drink cup", "drink beer", "drink gin", "drink water", "drink milk", "slide nut", "slide onion", "slide omelette", "slide cake", "slide plate", "slide dough", "slide potato", "slide bread", "slide tray", "slide pepper", "slide knife", "slide tomato", "slide kettle", "slide skin", "slide paper", "slide pan", "slide garlic", "slide milk", "slide dishwasher", "slide cucumber", "slide drawer", "slide chopstick", "water mat:sushi", "water sponge", "gather spoon", "gather broccoli", "gather fish", "gather seed", "gather corn", "gather parsley", "gather board:chopping", "gather liquid:washing", "gather cabbage", "gather meat", "gather potato", "gather food", "gather pepper", "gather tomato", "gather skin", "gather garlic", "gather egg", "gather rubbish", "gather mixture", "gather flour", "attach juicer", "attach rack:drying", "attach clip", "attach holder", "attach bottle", "attach cooker:slow", "attach plug", "attach teapot", "attach toaster", "attach wire", "attach container", "attach breadstick", "attach hob", "attach machine:sous:vide", "attach food", "attach tray", "attach knife", "attach kettle", "attach maker:coffee", "attach can", "attach scissors", "attach blender", "attach cover", "turn-down machine:washing", "turn-down fan:extractor", "turn-down knob", "turn-down hob", "turn-down oven", "turn-down heat", "coat hand", "coat box", "coat dough", "coat meat", "coat pot", "coat oil", "coat bread", "coat carrot", "coat sponge", "transition alarm", "transition kitchen", "transition floor", "transition chair", "transition box", "transition ladder", "transition top", "transition rice", "transition sink", "transition bowl", "wear apron", "wear glove", "measure seed", "measure ginger", "measure nut", "measure powder", "measure paste", "measure onion", "measure wine", "measure coconut", "measure paprika", "measure thyme", "measure dough", "measure water", "measure breadcrumb", "measure salt", "measure pasta", "measure sauce", "measure pan", "measure rice", "measure heat", "measure chilli", "measure flour", "measure butter", "measure spice", "turn-on tap", "turn-on scale", "turn-on alarm", "turn-on light", "turn-on machine:washing", "turn-on lighter", "turn-on processor:food", "turn-on bottle", "turn-on cooker:slow", "turn-on plug", "turn-on phone", "turn-on fan:extractor", "turn-on toaster", "turn-on knob", "turn-on plate", "turn-on liquid:washing", "turn-on hoover", "turn-on air", "turn-on hob", "turn-on tv", "turn-on machine:sous:vide", "turn-on heater", "turn-on water", "turn-on meat", "turn-on candle", "turn-on top", "turn-on tomato", "turn-on kettle", "turn-on oven", "turn-on pan", "turn-on maker:coffee", "turn-on coffee", "turn-on lid", "turn-on heat", "turn-on dishwasher", "turn-on blender", "turn-on microwave", "turn-on button", "increase tap", "increase hob", "increase water", "increase oven", "increase heat", "unscrew spreads", "unscrew cap", "unscrew bottle", "unscrew knife", "unscrew jar", "unscrew sauce", "unscrew maker:coffee", "unscrew lid", "unscrew filter", "wait onion", "wait water", "wait oil", "wait kettle", "wait oven", "wait pan", "wait rice", "wait coffee", "wait sausage", "wait cover", "wait microwave", "wait stock", "lower bottle", "lower handle", "lower hob", "lower pan", "lower lid", "lower heat", "form wrap:plastic", "form juicer", "form burger", "form dough", "form bowl", "form mixture", "smell hand", "smell cup", "smell tea", "smell cream", "smell bottle", "smell noodle", "smell hummus", "smell box", "smell dough", "smell water", "smell candle", "smell face", "smell oil", "smell bread", "smell sauce", "smell towel", "smell glove", "smell leaf", "smell mixture", "smell yoghurt", "smell cereal", "use tap", "use spoon", "use phone", "use cloth", "use liquid:washing", "use cocktail", "use knife", "use towel", "use chopstick", "use sponge", "grate lemon", "grate ginger", "grate cheese", "grate pepper", "grate carrot", "grate pasta", "screw cap", "screw bottle", "screw cloth", "screw bag", "screw package", "screw pot", "screw maker:coffee", "screw lid", "screw bowl", "screw clothes", "let-go spoon", "let-go pin:rolling", "let-go handle", "let-go spatula", "let-go dough", "let-go pot", "let-go paper", "let-go pan", "let-go sponge", "cut wrap:plastic", "cut broccoli", "cut brush", "cut lemon", "cut wrap", "cut squash", "cut leek", "cut fish", "cut lettuce", "cut curry", "cut seed", "cut foil", "cut corn", "cut onion:spring", "cut ginger", "cut nut", "cut fork", "cut pork", "cut banana", "cut choi:pak", "cut noodle", "cut salami", "cut onion", "cut tuna", "cut lime", "cut omelette", "cut bacon", "cut sandwich", "cut orange", "cut parsley", "cut tablet", "cut coriander", "cut cake", "cut avocado", "cut board:chopping", "cut bean:green", "cut apple", "cut chocolate", "cut bag", "cut pith", "cut plate", "cut asparagus", "cut mango", "cut caper", "cut container", "cut stalk", "cut kiwi", "cut finger:lady", "cut beef", "cut liquid:washing", "cut celery", "cut cabbage", "cut pear", "cut hob", "cut scotch:egg", "cut dough", "cut shrimp", "cut artichoke", "cut package", "cut stick:crab", "cut mint", "cut grass:lemon", "cut melon", "cut meat", "cut pineapple", "cut potato", "cut cheese", "cut bread", "cut pepper", "cut knife", "cut carrot", "cut top", "cut tomato", "cut pasta", "cut sauce", "cut skin", "cut paper", "cut garlic", "cut rubbish", "cut mushroom", "cut chicken", "cut coffee", "cut leaf", "cut aubergine", "cut salad", "cut chilli", "cut bowl", "cut cucumber", "cut peach", "cut courgette", "cut butter", "cut tofu", "cut olive", "cut sausage", "cut cover", "cut pizza", "cut vegetable", "cut stock", "finish fridge", "finish onion:spring", "finish processor:food", "finish toaster", "finish tv", "finish food", "finish maker:coffee", "finish salad", "finish chilli", "stab wrap:plastic", "stab hand", "stab cake", "stab meat", "stab potato", "stab bread", "stab egg", "stab sink", "serve biscuit", "serve curry", "serve soup", "serve plate", "serve food", "serve pasta", "serve pan", "serve rice", "serve coffee", "serve milk", "uncover cooker:slow", "uncover pot", "uncover lid", "uncover bowl", "unwrap wrap:plastic", "unwrap onion", "unwrap lime", "unwrap stick:crab", "unwrap salad", "unwrap bowl", "unwrap dishwasher", "unwrap towel:kitchen", "unwrap vegetable", "unwrap stock", "unwrap yoghurt", "choose machine:washing", "choose onion", "choose avocado", "choose pear", "choose power", "choose pepper", "choose oven", "choose garlic", "choose egg", "choose can", "choose leaf", "choose heat", "choose mat", "lock processor:food", "lock container", "lock lid", "lock bowl", "lock filter", "lock cover", "flatten bottle", "flatten spatula", "flatten container", "flatten box", "flatten dough", "flatten top", "flatten paper", "flatten mixture", "switch spoon", "switch bag", "switch dough", "switch pot", "switch cupboard", "switch top", "carry glass", "carry bag", "carry oil", "carry food", "carry milk", "carry jug", "carry bowl", "carry clothes", "turn-off tap", "turn-off scale", "turn-off alarm", "turn-off light", "turn-off machine:washing", "turn-off processor:food", "turn-off cooker:slow", "turn-off phone", "turn-off fan:extractor", "turn-off toaster", "turn-off knob", "turn-off hoover", "turn-off air", "turn-off hob", "turn-off heater", "turn-off water", "turn-off pot", "turn-off bread", "turn-off top", "turn-off kettle", "turn-off oven", "turn-off pan", "turn-off maker:coffee", "turn-off rubbish", "turn-off coffee", "turn-off lid", "turn-off heat", "turn-off dishwasher", "turn-off blender", "turn-off microwave", "turn-off button", "season tea", "season tuna", "season avocado", "season food", "season pasta", "season rubbish", "season chicken", "unlock juicer", "unlock processor:food", "unlock blender", "unlock cover", "prepare foil", "prepare box", "prepare tomato", "prepare coffee", "bake potato", "bake tray", "mark dough", "mark tray", "bend book", "unfreeze corn", "unfreeze water", "pour spoon", "pour glass", "pour broccoli", "pour sugar", "pour biscuit", "pour lemon", "pour spreads", "pour squash", "pour leek", "pour lettuce", "pour curry", "pour seed", "pour corn", "pour soup", "pour oatmeal", "pour onion:spring", "pour cup", "pour ginger", "pour tea", "pour nut", "pour vinegar", "pour powder", "pour cream", "pour oregano", "pour bottle", "pour liquid", "pour noodle", "pour onion", "pour omelette", "pour bacon", "pour parsley", "pour lentil", "pour blueberry", "pour juice", "pour bean:green", "pour chocolate", "pour bag", "pour wine", "pour pea", "pour yeast", "pour coconut", "pour fishcakes", "pour plate", "pour raisin", "pour kale", "pour paprika", "pour caper", "pour drink", "pour container", "pour bean", "pour thyme", "pour liquid:washing", "pour celery", "pour box", "pour beer", "pour pan:dust", "pour powder:washing", "pour almond", "pour cherry", "pour package", "pour gin", "pour grass:lemon", "pour water", "pour cinnamon", "pour syrup", "pour meat", "pour raspberry", "pour pot", "pour extract:vanilla", "pour potato", "pour oil", "pour cheese", "pour food", "pour tray", "pour bin", "pour pepper", "pour salt", "pour jar", "pour carrot", "pour tomato", "pour kettle", "pour pasta", "pour sauce", "pour pan", "pour garlic", "pour towel", "pour egg", "pour rubbish", "pour rice", "pour mushroom", "pour chicken", "pour coffee", "pour leaf", "pour sink", "pour milk", "pour aubergine", "pour salad", "pour chilli", "pour bowl", "pour mixture", "pour flour", "pour courgette", "pour butter", "pour tofu", "pour olive", "pour spice", "pour sausage", "pour towel:kitchen", "pour vegetable", "pour stock", "pour yoghurt", "pour cereal"], "num_classes": 3807, "ignore_index": 0, "metrics": "AP", "fps": 4, "train_session_set": ["P01_01", "P01_02", "P01_03", "P01_04", "P01_05", "P01_06", "P01_07", "P01_08", "P01_09", "P01_102", "P01_103", "P01_104", "P01_105", "P01_106", "P01_107", "P01_108", "P01_109", "P01_10", "P01_16", "P01_17", "P01_18", "P01_19", "P02_01", "P02_02", "P02_03", "P02_04", "P02_05", "P02_06", "P02_07", "P02_08", "P02_09", "P02_101", "P02_102", "P02_103", "P02_104", "P02_105", "P02_107", "P02_108", "P02_109", "P02_10", "P02_110", "P02_111", "P02_112", "P02_113", "P02_114", "P02_115", "P02_116", "P02_118", "P02_119", "P02_11", "P02_120", "P02_121", "P02_122", "P02_123", "P02_124", "P02_126", "P02_127", "P02_128", "P02_129", "P02_130", "P02_131", "P02_132", "P02_133", "P02_134", "P02_135", "P03_02", "P03_03", "P03_04", "P03_05", "P03_06", "P03_07", "P03_08", "P03_09", "P03_101", "P03_102", "P03_106", "P03_107", "P03_108", "P03_109", "P03_10", "P03_110", "P03_111", "P03_112", "P03_113", "P03_114", "P03_115", "P03_116", "P03_117", "P03_118", "P03_119", "P03_11", "P03_120", "P03_121", "P03_122", "P03_123", "P03_12", "P03_13", "P03_14", "P03_15", "P03_16", "P03_17", "P03_18", "P03_19", "P03_20", "P03_27", "P03_28", "P04_01", "P04_02", "P04_03", "P04_04", "P04_05", "P04_06", "P04_07", "P04_08", "P04_09", "P04_101", "P04_102", "P04_103", "P04_104", "P04_106", "P04_107", "P04_108", "P04_109", "P04_10", "P04_110", "P04_111", "P04_112", "P04_113", "P04_114", "P04_115", "P04_116", "P04_117", "P04_118", "P04_119", "P04_11", "P04_120", "P04_121", "P04_12", "P04_13", "P04_14", "P04_15", "P04_16", "P04_17", "P04_18", "P04_19", "P04_20", "P04_21", "P04_22", "P04_23", "P05_01", "P05_02", "P05_03", "P05_04", "P05_05", "P05_06", "P05_08", "P06_01", "P06_02", "P06_03", "P06_05", "P06_07", "P06_08", "P06_09", "P06_101", "P06_102", "P06_103", "P06_104", "P06_105", "P06_106", "P06_107", "P06_108", "P06_109", "P06_110", "P06_113", "P07_01", "P07_02", "P07_03", "P07_04", "P07_05", "P07_06", "P07_07", "P07_08", "P07_09", "P07_101", "P07_102", "P07_103", "P07_106", "P07_107", "P07_10", "P07_110", "P07_111", "P07_112", "P07_113", "P07_114", "P07_115", "P07_116", "P07_117", "P07_11", "P08_01", "P08_02", "P08_03", "P08_04", "P08_05", "P08_06", "P08_07", "P08_08", "P08_11", "P08_12", "P08_13", "P08_18", "P08_19", "P08_20", "P08_21", "P08_22", "P08_23", "P08_24", "P08_25", "P08_26", "P08_27", "P08_28", "P09_01", "P09_02", "P09_03", "P09_04", "P09_05", "P09_06", "P09_103", "P09_104", "P09_105", "P09_106", "P10_01", "P10_02", "P10_04", "P11_01", "P11_02", "P11_03", "P11_04", "P11_05", "P11_06", "P11_07", "P11_08", "P11_09", "P11_101", "P11_102", "P11_103", "P11_104", "P11_105", "P11_107", "P11_109", "P11_10", "P11_11", "P11_12", "P11_13", "P11_14", "P11_15", "P11_16", "P12_01", "P12_02", "P12_04", "P12_05", "P12_06", "P12_07", "P12_101", "P12_103", "P12_104", "P12_105", "P13_04", "P13_05", "P13_06", "P13_07", "P13_08", "P13_09", "P13_10", "P14_01", "P14_02", "P14_03", "P14_04", "P14_05", "P14_07", "P14_09", "P15_01", "P15_02", "P15_03", "P15_07", "P15_08", "P15_09", "P15_10", "P15_11", "P15_12", "P15_13", "P16_01", "P16_02", "P16_03", "P17_01", "P17_03", "P17_04", "P19_01", "P19_02", "P19_03", "P19_04", "P20_01", "P20_02", "P20_03", "P20_04", "P21_01", "P21_03", "P21_04", "P22_05", "P22_06", "P22_07", "P22_08", "P22_09", "P22_101", "P22_102", "P22_103", "P22_104", "P22_105", "P22_106", "P22_107", "P22_108", "P22_109", "P22_10", "P22_110", "P22_111", "P22_112", "P22_113", "P22_115", "P22_116", "P22_117", "P22_11", "P22_12", "P22_13", "P22_14", "P22_15", "P22_16", "P22_17", "P23_01", "P23_02", "P23_03", "P23_04", "P23_101", "P23_102", "P24_01", "P24_02", "P24_03", "P24_04", "P24_05", "P24_06", "P24_07", "P24_08", "P25_01", "P25_02", "P25_03", "P25_04", "P25_05", "P25_09", "P25_101", "P25_102", "P25_103", "P25_104", "P25_106", "P25_107", "P25_10", "P25_11", "P25_12", "P26_01", "P26_02", "P26_03", "P26_04", "P26_05", "P26_06", "P26_07", "P26_08", "P26_09", "P26_101", "P26_102", "P26_103", "P26_104", "P26_105", "P26_106", "P26_107", "P26_108", "P26_109", "P26_10", "P26_110", "P26_111", "P26_112", "P26_113", "P26_114", "P26_115", "P26_116", "P26_117", "P26_118", "P26_119", "P26_11", "P26_124", "P26_12", "P26_13", "P26_14", "P26_15", "P26_16", "P26_17", "P26_18", "P26_19", "P26_20", "P26_21", "P26_22", "P26_23", "P26_24", "P26_25", "P26_26", "P26_27", "P26_28", "P26_29", "P27_01", "P27_02", "P27_03", "P27_04", "P27_06", "P27_07", "P27_101", "P27_103", "P27_104", "P27_105", "P28_01", "P28_02", "P28_03", "P28_04", "P28_05", "P28_06", "P28_07", "P28_08", "P28_09", "P28_101", "P28_102", "P28_103", "P28_104", "P28_105", "P28_106", "P28_107", "P28_108", "P28_109", "P28_10", "P28_110", "P28_111", "P28_112", "P28_113", "P28_11", "P28_12", "P28_13", "P28_14", "P29_01", "P29_02", "P29_03", "P29_04", "P30_01", "P30_02", "P30_03", "P30_04", "P30_05", "P30_06", "P30_101", "P30_103", "P30_104", "P30_107", "P30_108", "P30_109", "P30_10", "P30_110", "P30_111", "P30_112", "P30_113", "P30_114", "P30_11", "P31_01", "P31_02", "P31_03", "P31_04", "P31_05", "P31_06", "P31_07", "P31_08", "P31_09", "P31_13", "P31_14", "P35_101", "P35_103", "P35_104", "P35_105", "P35_107", "P35_108", "P35_109", "P37_101", "P37_102", "P37_103"], "test_session_set": ["P01_11", "P01_12", "P01_13", "P01_14", "P01_15", "P02_12", "P02_13", "P02_14", "P02_15", "P03_21", "P03_22", "P03_23", "P03_24", "P03_25", "P03_26", "P04_24", "P04_25", "P04_26", "P04_27", "P04_28", "P04_29", "P04_30", "P04_31", "P04_32", "P04_33", "P05_07", "P05_09", "P06_10", "P06_11", "P06_12", "P06_13", "P06_14", "P07_12", "P07_13", "P07_14", "P07_15", "P07_16", "P07_17", "P07_18", "P08_09", "P08_10", "P08_14", "P08_15", "P08_16", "P08_17", "P09_07", "P09_08", "P10_03", "P11_17", "P11_18", "P11_19", "P11_20", "P11_21", "P11_22", "P11_23", "P11_24", "P12_03", "P12_08", "P13_01", "P13_02", "P13_03", "P14_06", "P14_08", "P15_04", "P15_05", "P15_06", "P16_04", "P17_02", "P18_01", "P18_02", "P18_03", "P18_04", "P18_05", "P18_06", "P18_07", "P18_08", "P18_09", "P18_10", "P18_11", "P18_12", "P19_05", "P19_06", "P20_05", "P20_06", "P20_07", "P21_02", "P22_01", "P22_02", "P22_03", "P22_04", "P23_05", "P24_09", "P25_06", "P25_07", "P25_08", "P26_30", "P26_31", "P26_32", "P26_33", "P26_34", "P26_35", "P26_36", "P26_37", "P26_38", "P26_39", "P26_40", "P26_41", "P27_05", "P28_15", "P28_16", "P28_17", "P28_18", "P28_19", "P28_20", "P28_21", "P28_22", "P28_23", "P28_24", "P28_25", "P28_26", "P29_05", "P29_06", "P30_07", "P30_08", "P30_09", "P31_10", "P31_11", "P31_12", "P32_01", "P32_02", "P32_03", "P32_04", "P32_05", "P32_06", "P32_07", "P32_08", "P32_09", "P32_10"]}}